{"stat.crouchOneCm":171,"stat.useItem.minecraft.stained_glass_pane":132,"stat.useItem.minecraft.iron_bars":76,"stat.enderchestOpened":1,"stat.useItem.minecraft.stone_brick_stairs":2,"achievement.exploreAllBiomes":{"value":0,"progress":["Plains"]},"stat.useItem.minecraft.stone_button":4,"stat.useItem.minecraft.leaves":3,"stat.useItem.minecraft.heavy_weighted_pressure_plate":4,"stat.beaconInteraction":28,"stat.useItem.minecraft.quartz_block":58,"stat.useItem.minecraft.command_block":2,"stat.useItem.minecraft.stained_glass":29,"achievement.openInventory":69,"stat.damageDealt":10,"stat.useItem.minecraft.fence":31,"stat.useItem.minecraft.item_frame":12,"stat.useItem.minecraft.iron_block":71,"stat.useItem.minecraft.planks":1,"stat.useItem.minecraft.quartz_stairs":25,"stat.useItem.minecraft.stained_hardened_clay":15,"stat.flyOneCm":359154,"stat.useItem.minecraft.skull":4,"stat.useItem.minecraft.writable_book":1,"stat.useItem.minecraft.clay":11,"stat.useItem.minecraft.red_flower":11,"stat.useItem.minecraft.birch_door":6,"stat.damageTaken":580,"stat.useItem.minecraft.flower_pot":5,"stat.useItem.minecraft.ladder":21,"stat.useItem.minecraft.wooden_pressure_plate":5,"stat.climbOneCm":273,"stat.useItem.minecraft.sapling":1,"stat.useItem.minecraft.yellow_flower":2,"stat.timeSinceDeath":91995,"stat.useItem.minecraft.diamond_block":106,"stat.useItem.minecraft.barrier":13,"stat.useItem.minecraft.nether_brick_fence":4,"stat.leaveGame":10,"stat.useItem.minecraft.diamond_ore":4,"stat.playOneMinute":208748,"stat.useItem.minecraft.painting":73,"stat.flowerPotted":5,"stat.useItem.minecraft.wool":21,"stat.useItem.minecraft.tripwire_hook":2,"stat.useItem.minecraft.acacia_stairs":7,"stat.useItem.minecraft.stone_slab":9,"stat.deaths":1,"stat.useItem.minecraft.wooden_slab":15,"stat.walkOneCm":777369,"stat.useItem.minecraft.string":2,"stat.useItem.minecraft.sign":3,"stat.useItem.minecraft.dark_oak_fence":14,"stat.useItem.minecraft.bookshelf":52,"stat.useItem.minecraft.carpet":142,"stat.jump":195,"stat.useItem.minecraft.beacon":9,"stat.useItem.minecraft.banner":24,"stat.useItem.minecraft.sea_lantern":64,"stat.sprintOneCm":121964,"stat.useItem.minecraft.dirt":14}