{"stat.useItem.minecraft.anvil":5,"stat.crouchOneCm":4499,"stat.useItem.minecraft.stained_glass_pane":962,"stat.useItem.minecraft.iron_bars":71,"stat.useItem.minecraft.acacia_door":1,"stat.useItem.minecraft.stone_button":27,"achievement.exploreAllBiomes":{"value":0,"progress":["Plains"]},"stat.useItem.minecraft.leaves":35,"stat.useItem.minecraft.heavy_weighted_pressure_plate":42,"stat.useItem.minecraft.spruce_door":1,"stat.useItem.minecraft.quartz_block":715,"stat.useItem.minecraft.command_block":7,"stat.useItem.minecraft.stained_glass":232,"stat.useItem.minecraft.dark_oak_stairs":1,"achievement.openInventory":214,"stat.damageDealt":20,"stat.useItem.minecraft.fence":33,"stat.useItem.minecraft.item_frame":14,"stat.useItem.minecraft.iron_block":23,"stat.useItem.minecraft.spruce_fence":15,"stat.useItem.minecraft.planks":13,"stat.useItem.minecraft.quartz_stairs":689,"stat.fallOneCm":24974,"stat.flyOneCm":1191047,"stat.useItem.minecraft.writable_book":2,"stat.useItem.minecraft.red_flower":27,"stat.useItem.minecraft.prismarine":16,"stat.damageTaken":680,"stat.useItem.minecraft.torch":4,"stat.useItem.minecraft.oak_stairs":8,"stat.useItem.minecraft.yellow_flower":7,"stat.useItem.minecraft.jukebox":8,"stat.useItem.minecraft.stained_hardened_clay":10,"stat.useItem.minecraft.skull":6,"stat.useItem.minecraft.stonebrick":1,"stat.useItem.minecraft.clay":10,"stat.useItem.minecraft.stone":3,"stat.useItem.minecraft.furnace":1,"stat.useItem.minecraft.birch_door":11,"stat.useItem.minecraft.flower_pot":11,"stat.useItem.minecraft.ladder":5,"stat.useItem.minecraft.double_plant":7,"stat.useItem.minecraft.lapis_ore":14,"stat.useItem.minecraft.ender_chest":2,"stat.useItem.minecraft.redstone_lamp":4,"stat.climbOneCm":628,"stat.useItem.minecraft.redstone":1,"stat.drop":20,"stat.useItem.minecraft.diamond_block":63,"stat.useItem.minecraft.nether_brick_fence":25,"stat.useItem.minecraft.stone_pressure_plate":3,"stat.leaveGame":31,"stat.useItem.minecraft.spruce_stairs":1,"stat.useItem.minecraft.stone_slab":1554,"stat.timeSinceDeath":4907,"stat.useItem.minecraft.barrier":12,"stat.useItem.minecraft.iron_trapdoor":90,"stat.playOneMinute":608798,"stat.useItem.minecraft.redstone_torch":12,"stat.useItem.minecraft.painting":73,"stat.useItem.minecraft.tripwire_hook":13,"stat.useItem.minecraft.acacia_stairs":37,"stat.deaths":3,"stat.useItem.minecraft.fishing_rod":5,"stat.useItem.minecraft.wooden_slab":31,"stat.swimOneCm":13512,"stat.useItem.minecraft.bucket":5,"stat.walkOneCm":2973335,"stat.useItem.minecraft.sign":33,"stat.useItem.minecraft.dark_oak_fence":6,"stat.useItem.minecraft.bookshelf":14,"stat.useItem.minecraft.iron_door":10,"stat.useItem.minecraft.carpet":1199,"stat.jump":573,"stat.useItem.minecraft.wooden_button":1,"stat.useItem.minecraft.beacon":1,"stat.useItem.minecraft.banner":73,"stat.useItem.minecraft.tallgrass":8,"stat.useItem.minecraft.trapdoor":1,"stat.useItem.minecraft.red_sandstone_stairs":1,"stat.useItem.minecraft.sea_lantern":46,"stat.sprintOneCm":49346,"stat.useItem.minecraft.dirt":44}